company,position,link,skills
㈜핀테크,,https://www.jobkorea.co.kr/Recruit/GI_Read/49132992?Oem_Code=C1&logpath=1&stext=%EA%B0%9C%EB%B0%9C&listno=1&sc=551,
㈜휴먼교육센터,,https://www.jobkorea.co.kr/Recruit/GI_Read/49159060?Oem_Code=C1&logpath=1&stext=%EA%B0%9C%EB%B0%9C&listno=1&sc=552,
에스에스오트론㈜,,https://www.jobkorea.co.kr/Recruit/GI_Read/49155736?Oem_Code=C1&logpath=1&stext=%EA%B0%9C%EB%B0%9C&listno=2&sc=552,", C언어"
메가이솔루션㈜,,https://www.jobkorea.co.kr/Recruit/GI_Read/49129524?Oem_Code=C1&logpath=1&stext=%EA%B0%9C%EB%B0%9C&listno=3&sc=552,", .Net Core, Mortgage, SQL DATABASES, MICROSERVICES ARCHITECTUR, AUS"
메가이솔루션㈜,,https://www.jobkorea.co.kr/Recruit/GI_Read/49129311?Oem_Code=C1&logpath=1&stext=%EA%B0%9C%EB%B0%9C&listno=4&sc=552,", debug"
브랜드 인게이지먼트 네트워크 인크 (,,https://www.jobkorea.co.kr/Recruit/GI_Read/49017016?Oem_Code=C1&logpath=1&stext=%EA%B0%9C%EB%B0%9C&listno=5&sc=552,
사단법인 금융보안원,,https://www.jobkorea.co.kr/Recruit/GI_Read/48913680?Oem_Code=C1&logpath=1&stext=%EA%B0%9C%EB%B0%9C&listno=1&sc=630,
현대위아㈜,,https://www.jobkorea.co.kr/Recruit/GI_Read/49090905?Oem_Code=C1&logpath=1&stext=%EA%B0%9C%EB%B0%9C&listno=2&sc=630,
㈜해커스어학원,,https://www.jobkorea.co.kr/Recruit/GI_Read/49103393?Oem_Code=C1&logpath=1&stext=%EA%B0%9C%EB%B0%9C&listno=3&sc=630,
디스코하이테크코리아㈜ (DISCO HI-TEC KOREA),,https://www.jobkorea.co.kr/Recruit/GI_Read/49082446?Oem_Code=C1&logpath=1&stext=%EA%B0%9C%EB%B0%9C&listno=4&sc=630,"계획성 ,, 성실성 ,, 꼼꼼함"
현대오토에버㈜,,https://www.jobkorea.co.kr/Recruit/GI_Read/49124076?Oem_Code=C1&logpath=1&stext=%EA%B0%9C%EB%B0%9C&listno=5&sc=630,", S/4 Hana"
㈜연합뉴스,,https://www.jobkorea.co.kr/Recruit/GI_Read/49103082?Oem_Code=C1&logpath=1&stext=%EA%B0%9C%EB%B0%9C&listno=6&sc=630,
㈜호텔신라,,https://www.jobkorea.co.kr/Recruit/GI_Read/49111970?Oem_Code=C1&logpath=1&stext=%EA%B0%9C%EB%B0%9C&listno=7&sc=630,
아시아나IDT㈜,,https://www.jobkorea.co.kr/Recruit/GI_Read/49146882?Oem_Code=C1&logpath=1&stext=%EA%B0%9C%EB%B0%9C&listno=8&sc=630,
㈜윈스테크넷,,https://www.jobkorea.co.kr/Recruit/GI_Read/49092704?Oem_Code=C1&logpath=1&stext=%EA%B0%9C%EB%B0%9C&listno=9&sc=630,
㈜안랩,,https://www.jobkorea.co.kr/Recruit/GI_Read/49074852?Oem_Code=C1&logpath=1&stext=%EA%B0%9C%EB%B0%9C&listno=10&sc=630,
현대오토에버㈜,,https://www.jobkorea.co.kr/Recruit/GI_Read/48958623?Oem_Code=C1&logpath=1&stext=%EA%B0%9C%EB%B0%9C&listno=11&sc=630,
㈜다우기술,,https://www.jobkorea.co.kr/Recruit/GI_Read/49120595?Oem_Code=C1&logpath=1&stext=%EA%B0%9C%EB%B0%9C&listno=12&sc=630,
하이브비젼,,https://www.jobkorea.co.kr/Recruit/GI_Read/49031276?Oem_Code=C1&logpath=1&stext=%EA%B0%9C%EB%B0%9C&listno=13&sc=630,", Ai"
㈜프레인글로벌,,https://www.jobkorea.co.kr/Recruit/GI_Read/49065068?Oem_Code=C1&logpath=1&stext=%EA%B0%9C%EB%B0%9C&listno=14&sc=630,
㈜디알젬,,https://www.jobkorea.co.kr/Recruit/GI_Read/49132252?Oem_Code=C1&logpath=1&stext=%EA%B0%9C%EB%B0%9C&listno=15&sc=630,
솔탑,,https://www.jobkorea.co.kr/Recruit/GI_Read/49007270?Oem_Code=C1&logpath=1&stext=%EA%B0%9C%EB%B0%9C&listno=16&sc=630,
(재)경기도일자리재단,,https://www.jobkorea.co.kr/Recruit/GI_Read/48904380?Oem_Code=C1&logpath=1&stext=%EA%B0%9C%EB%B0%9C&listno=17&sc=630,
주식회사 에그드랍,,https://www.jobkorea.co.kr/Recruit/GI_Read/49062954?Oem_Code=C1&logpath=1&stext=%EA%B0%9C%EB%B0%9C&listno=18&sc=630,
교촌에프앤비㈜,,https://www.jobkorea.co.kr/Recruit/GI_Read/49114858?Oem_Code=C1&logpath=1&stext=%EA%B0%9C%EB%B0%9C&listno=19&sc=630,
㈜지학사,,https://www.jobkorea.co.kr/Recruit/GI_Read/49111209?Oem_Code=C1&logpath=1&stext=%EA%B0%9C%EB%B0%9C&listno=20&sc=630,
