company,skills,link
㈜피클,",알고리즘",https://www.jobkorea.co.kr/Recruit/GI_Read/49149234?Oem_Code=C1&logpath=1&stext=%EA%B0%9C%EB%B0%9C&listno=1&sc=552
시프트원㈜,(없음),https://www.jobkorea.co.kr/Recruit/GI_Read/49144414?Oem_Code=C1&logpath=1&stext=%EA%B0%9C%EB%B0%9C&listno=2&sc=552
메가이솔루션㈜,",debug",https://www.jobkorea.co.kr/Recruit/GI_Read/49129311?Oem_Code=C1&logpath=1&stext=%EA%B0%9C%EB%B0%9C&listno=3&sc=552
워터아이즈,(없음),https://www.jobkorea.co.kr/Recruit/GI_Read/49104884?Oem_Code=C1&logpath=1&stext=%EA%B0%9C%EB%B0%9C&listno=4&sc=552
브랜드 인게이지먼트 네트워크 인크 (,(없음),https://www.jobkorea.co.kr/Recruit/GI_Read/49017016?Oem_Code=C1&logpath=1&stext=%EA%B0%9C%EB%B0%9C&listno=5&sc=552
㈜컴투스,(없음),https://www.jobkorea.co.kr/Recruit/GI_Read/49157411?Oem_Code=C1&logpath=1&stext=%EA%B0%9C%EB%B0%9C&listno=1&sc=630
사단법인 금융보안원,(없음),https://www.jobkorea.co.kr/Recruit/GI_Read/48913680?Oem_Code=C1&logpath=1&stext=%EA%B0%9C%EB%B0%9C&listno=2&sc=630
현대위아㈜,(없음),https://www.jobkorea.co.kr/Recruit/GI_Read/49090905?Oem_Code=C1&logpath=1&stext=%EA%B0%9C%EB%B0%9C&listno=3&sc=630
㈜해커스어학원,(없음),https://www.jobkorea.co.kr/Recruit/GI_Read/49103393?Oem_Code=C1&logpath=1&stext=%EA%B0%9C%EB%B0%9C&listno=4&sc=630
디스코하이테크코리아㈜ (DISCO HI-TEC KOREA),(없음),https://www.jobkorea.co.kr/Recruit/GI_Read/49082446?Oem_Code=C1&logpath=1&stext=%EA%B0%9C%EB%B0%9C&listno=5&sc=630
현대오토에버㈜,",S/4 Hana",https://www.jobkorea.co.kr/Recruit/GI_Read/49124076?Oem_Code=C1&logpath=1&stext=%EA%B0%9C%EB%B0%9C&listno=6&sc=630
웍스피어(유),(없음),https://www.jobkorea.co.kr/Recruit/GI_Read/48998100?Oem_Code=C1&logpath=1&stext=%EA%B0%9C%EB%B0%9C&listno=7&sc=630
㈜호텔신라,(없음),https://www.jobkorea.co.kr/Recruit/GI_Read/49111970?Oem_Code=C1&logpath=1&stext=%EA%B0%9C%EB%B0%9C&listno=8&sc=630
㈜연합뉴스,(없음),https://www.jobkorea.co.kr/Recruit/GI_Read/49103082?Oem_Code=C1&logpath=1&stext=%EA%B0%9C%EB%B0%9C&listno=9&sc=630
아시아나IDT㈜,(없음),https://www.jobkorea.co.kr/Recruit/GI_Read/49146882?Oem_Code=C1&logpath=1&stext=%EA%B0%9C%EB%B0%9C&listno=10&sc=630
㈜윈스테크넷,(없음),https://www.jobkorea.co.kr/Recruit/GI_Read/49092704?Oem_Code=C1&logpath=1&stext=%EA%B0%9C%EB%B0%9C&listno=11&sc=630
웍스피어(유),(없음),https://www.jobkorea.co.kr/Recruit/GI_Read/49087108?Oem_Code=C1&logpath=1&stext=%EA%B0%9C%EB%B0%9C&listno=12&sc=630
현대오토에버㈜,(없음),https://www.jobkorea.co.kr/Recruit/GI_Read/48958623?Oem_Code=C1&logpath=1&stext=%EA%B0%9C%EB%B0%9C&listno=13&sc=630
㈜프레인글로벌,(없음),https://www.jobkorea.co.kr/Recruit/GI_Read/49065068?Oem_Code=C1&logpath=1&stext=%EA%B0%9C%EB%B0%9C&listno=14&sc=630
하이브비젼,",Ai",https://www.jobkorea.co.kr/Recruit/GI_Read/49031276?Oem_Code=C1&logpath=1&stext=%EA%B0%9C%EB%B0%9C&listno=15&sc=630
