journal_name,news_title,news_time
조세일보,반도체 수출 급증에 서비스업도 살아나…한국경제 회복세,05월 12일 13:48
조세일보,토지거래허가구역 실거주 유예 '세입자 있는 주택 전체'로 확대,05월 12일 13:48
조세일보,미·이란 휴전협상 급랭…호르무즈 긴장에 유가 104달러 돌파,05월 12일 13:48
조세일보,성과인센티브는 회계학적으로 '영업이익'이 아닌 '당기순이익' 등을 기준 삼아야 [감사인연합회 성명서],05월 12일 13:48
국민일보,[속보] 청송 주왕산에서 실종된 초등생 숨진 채 발견,05월 12일 13:48
국민일보,‘자존감 9점’ 초6 주원이의 위험 신호… 모두가 놓쳤다,05월 12일 13:48
국민일보,"이승환, 구미시장에 “‘형, 제가 잘못했습니다’ 한마디면 될 일”",05월 12일 13:48
국민일보,"진에어, 승무원 입사 돌연 연기 통보… 50여명 날벼락",05월 12일 13:48
더스쿠프,제2 누누티비는 없다? 불법 사이트 막히자 SNS 파고드는 '꾼들',05월 12일 13:48
더스쿠프,제2 누누티비를 차단하라: 아직 끝나지 않은 싸움 [視리즈],05월 12일 13:48
더스쿠프,여권이야 폰이야? 애플이 준비 중인 '뭉툭한 폴더블폰'의 비밀,05월 12일 13:48
더스쿠프,국가 돈 3%에 빌려 가맹점엔 18% 대출…명륜진사갈비의 수상한 돈벌이,05월 12일 13:48
신동아,가장 안전한 나라에서 아이가 사라지고 있다,05월 12일 07:41
신동아,경찰은 국민 위해서만 ‘수사권’이란 총 쏴야,05월 12일 07:41
신동아,“태도가 마음에 안 드는데 수습 직원 해고 되나요?”,05월 12일 07:41
신동아,"[지상중계]“美, 이란서 발 빼야 호르무즈해협 봉쇄 끝난다”",05월 12일 07:41
TV조선,주왕산 간 11살 끝내 돌아오지 못했다…용연폭포방면 100ｍ 지점서 발견,05월 12일 13:36
TV조선,"토지거래허가 실거주 유예, '세입자 있는 모든 주택'으로 확대",05월 12일 13:36
TV조선,"""김병욱, 경찰에 '거꾸로 매달겠다' '내가 누군지 알아?' 욕설 폭행""…주진우, 판결문 공개",05월 12일 13:36
TV조선,이재용 회장 주식재산 50조원 첫 돌파…삼성家 합계 111조원,05월 12일 13:36
디지털타임스,"[속보] 美시장, ‘친중 선전’ 하다 덜미…알고보니 ‘中정부 대리인’",05월 12일 13:18
디지털타임스,李대통령 재판취소 ‘국민은 몰라’ 1주일…친명 박성준 “선거 흐름 말한 것”,05월 12일 13:18
디지털타임스,"“위치 추적기 끄고 호르무즈 통과”…국내 해운사 외신 주목, ‘중동산’ 움직임↑",05월 12일 13:18
디지털타임스,"“형 잘못했어요, 한마디면 될 일”…‘승소’ 이승환, 구미시장에 사과 요구",05월 12일 13:18
시사저널,"김종혁 ""북갑이 뜨거워진 이유? 한동훈 때문…깜짝 놀랄 결과 나올 것""",05월 12일 13:31
시사저널,"'쿠팡 수사 외압' 엄희준, 상설특검 고소…""문지석에 수사기밀 유출""",05월 12일 13:31
시사저널,법원이 영장 기각해 풀려난 스토킹범…전 연인 가게 찾아가 '자해 사망',05월 12일 13:31
시사저널,"갑자기 사라진 '김석준TV'…부산선관위, 경찰 수사 의뢰",05월 12일 13:31
kbc광주방송,"토지거래허가 실거주 유예, '세입자 있는 모든 주택'으로 확대",05월 12일 13:42
kbc광주방송,"영장 기각돼 풀려난 스토킹 피의자, 전 연인 찾아가 자해 사망",05월 12일 13:42
kbc광주방송,"남극 장보고기지 대원, 흉기로 동료들 위협...국내 이송돼 경찰 수사 중",05월 12일 13:42
kbc광주방송,'필리핀 마약총책' 박왕열 공급책 '청담' 최병민 신상공개,05월 12일 13:42
이코노미스트,꿈의 '280만닉스' 실현될까…AI 반도체 '핵심 수혜주' 목표 또 올랐다,05월 12일 12:11
이코노미스트,"'8천피 시대' 코앞, 승승장구 코스피…시총 대만 제치고 '6위'",05월 12일 12:11
이코노미스트,"李 대통령 ""원시적 약탈 금융, 서민들 목줄 압박…과감한 재정 투입, 경제에 활력을""",05월 12일 12:11
이코노미스트,"수급자가 에쿠스 몰고 5400만원 챙겨…70대女 ""정부도 책임 있다""",05월 12일 12:11
뉴스타파,정철원 담양군수 차명 의심 회사 2개 더 있다,05월 11일 17:15
뉴스타파,[해설 사법개혁] ③ 지방근무는 죽어도 못 한다는 판사들,05월 11일 17:15
뉴스타파,‘검찰 범죄’ 특검을 해야할 50가지 이유① 증거 위·변조,05월 11일 17:15
뉴스타파,[목격자들] 세상은 그렇게 끝난다,05월 11일 17:15
헤럴드경제,"‘팔천피’ 앞두고 숨 고르는 코스피…사는 개인 VS 파는 외인, 승자는? [투자360]",05월 12일 13:54
헤럴드경제,"에쿠스 타며 기초수급비 5400만원, 걸리자 “정부도 책임” 주장",05월 12일 13:54
헤럴드경제,"“SK하닉 투자해 7억 번 부모님, 집 사주면 평생 효도”…공무원 글에 ‘질타’ 이어져",05월 12일 13:54
헤럴드경제,지수 친오빠 ‘女BJ 강간 미수’ 새 국면…“BJ가 먼저 침대로 가” vs “강제로 하의 벗겨”,05월 12일 13:54
SBS,"""잠시 다녀올게"" 끝내 숨진 채 발견…사고 경위 조사",05월 12일 13:10
SBS,"밤새 산 지킨 부모 끝내 무너져 오열…학교도 ""상당히 충격""",05월 12일 13:10
SBS,"""알바 동료였다"" 성폭행범 정체…하루 뒤 '여고생 살해'",05월 12일 13:10
SBS,"'흉기 피습' 남학생에 ""도망갔냐""…아버지의 호소",05월 12일 13:10
농민신문,“과소비는 촌스러워”…유행템보다 ‘가치소비템’에 빠진 Z세대,05월 12일 13:04
농민신문,“조금만 걸어도 다리 저려”…걸음걸이로 보는 부모님 척추 건강,05월 12일 13:04
농민신문,홈플러스익스프레스 ‘손바뀜’…산지 판로회복은 시일 걸릴듯,05월 12일 13:04
농민신문,“우리도 농어촌기본소득 받고 싶다”…추가공모 경쟁률 8.8대1,05월 12일 13:04
서울경제,나홀로 웃는 바이오주…리가켐 10% 상승 [줍줍리포트],05월 12일 13:53
서울경제,삼전닉스 숨고르자…상위 1% 매수세 집중 [주식 초고수는 지금],05월 12일 13:53
서울경제,이미 많이 올랐는데 “100만원 뚫는다”…증권가서 앞다퉈 목표가 올리는 ‘이 섹터’,05월 12일 13:53
서울경제,"“여보, 내일부터 나오지 말래”…역대급 취업난에 200만명 길거리 나앉을 판, 이란에 무슨 일이",05월 12일 13:53
국제신문,남극 장보고과학기지서 무슨 일이?,05월 12일 11:09
국제신문,"[속보]주왕산 실종 초등생, 실종 사흘째 숨진 채 발견",05월 12일 11:09
국제신문,전재수 ‘통일교’ vs 박형준‘ LCT’…네거티브 공방 격화,05월 12일 11:09
국제신문,"한병도 나무호 피격 관련 ""국힘, 국가안보팔아 표 구걸 매국적 시도""",05월 12일 11:09
아시아경제,"'숨만 쉬어도 월100' 단칸방서 매일 라면…""결국 도파민에 현실 도피""[위기의 대학생]⑥",05월 12일 13:54
아시아경제,"벌써 4배 뛰었는데 '6월에는 더 오른다'…""무서워서 못 가"" 초비상 제주, 31억 투입",05월 12일 13:54
아시아경제,"""대구서 서울 2시간 내내 서서 가기도""…'보조석 쟁탈' 피터지는 KTX, 상시 포화",05월 12일 13:54
아시아경제,"""누군 돈 벌었다던데…"" 불안했던 그는 결국, 한달만에 1억을 날렸다 [위기의 대학생]⑤",05월 12일 13:54
디지털데일리,웹툰엔터의 반전…AI 추천·글로벌 IP로 '유료 성장' 키웠다,05월 12일 10:41
디지털데일리,삼성전자 노사 운명의 2차 사후조정 돌입…'30조원 손실' 파업 기로,05월 12일 10:41
디지털데일리,손정의 소프트뱅크 '1000억 달러' 도박… 프랑스에 AI 데이터센터 거점 세우나,05월 12일 10:41
디지털데일리,"기아, 8년만에 단독대표 체제로…송호성 리더십 시험대",05월 12일 10:41
매경이코노미,“빚 못 갚아요”…회수 포기한 대출 최대치 [데이터로 보는 세상],05월 12일 08:53
매경이코노미,1주택 ‘세 낀 집’ 퇴로 연다...매물 절벽에 규제 완화,05월 12일 08:53
매경이코노미,잘나가는 삼성에도 ‘아픈 손가락’ 있다,05월 12일 08:53
매경이코노미,삼전닉스 다음은…‘피지컬 AI·바이오’ 순환매 조짐,05월 12일 08:53
전주MBC,"전국행동, ""김성환 장관 송전탑 입지 절차 한 달 보류 밝혀""",05월 12일 11:12
전주MBC,"고유가 피해지원금 1차 미수령자, 2차에서 추가 신청 가능",05월 12일 11:12
전주MBC,"정섬길, 공천 배제로 끝?.. 반복된 허위 청구 형사 책임은?",05월 12일 11:12
전주MBC,홈플러스 2달 영업 중단.. 전주만 2곳 남아,05월 12일 11:12
프레시안,대구서 또 국힘 당원 1325명 '집단 탈당'…김부겸 후보 지지 선언,05월 12일 13:21
프레시안,부산 북갑 하정우 37%·한동훈 30% '오차범위 접전'…박민식 17%,05월 12일 13:21
프레시안,"""'단군이래 최고' 코스피 환상 빠진 민주당 성장론, 녹색당은 반대한다""",05월 12일 13:21
프레시안,"[속보] 주왕산 올랐다 실종된 초등학생, 결국 사흘만에 숨진 채 발견",05월 12일 13:21
코리아중앙데일리,"Declined cards, reservation hassles: Digital barriers still undermine the Korea travel experience",05월 12일 13:56
코리아중앙데일리,Google experiences 5-minute outage in Korea,05월 12일 13:56
코리아중앙데일리,"'Sandwiched generation' working longer, borrowing more as family and societal support fail",05월 12일 13:56
코리아중앙데일리,Why is Korea returning to Venezuelan oil after 23-year hiatus?,05월 12일 13:56
KBS,청송 주왕산 실종 11살 초등생…실종 사흘째 숨진 채 발견,05월 12일 13:14
KBS,“토허가구역 세입자 있는 모든 주택 매도 시 실거주 유예”,05월 12일 13:14
KBS,“허리띠 졸라매라? 소비가 미덕인 시대” 갑자기 고개 들어 ‘직격’ [지금뉴스],05월 12일 13:14
KBS,한국 1분기 성장률 역대급 날았다…중국 제치고 16년 만의 주요국 1위 ‘눈앞’ [지금뉴스],05월 12일 13:14
코리아헤럴드,"Korea growth to top 2%, Kospi still has room to run: Finance Minister",05월 12일 09:00
코리아헤럴드,Search enters 3rd day for missing boy at Juwangsan,05월 12일 09:00
코리아헤럴드,Lee floats ranked-choice voting for presidential elections,05월 12일 09:00
코리아헤럴드,Gwangju stabbing death prompts student calls for stronger safety,05월 12일 09:00
매일신문,"이준석 ""삼전닉스 호황, 李 정부 기여 없어…야인시대 우미관식 정치""",05월 12일 13:56
매일신문,"김부겸 ""IBK기업은행 본점 이전 추진…삼성 투자 확대 직접 나설 것""",05월 12일 13:56
매일신문,"영장 기각돼 풀려난 50대 스토킹범, 흉기 들고 전 연인 찾아갔다 결국 숨져",05월 12일 13:56
매일신문,"""안내장에 'ㅎㅎ' 썼다고 교육청 민원"" 640만 공감한 초등교사 울분",05월 12일 13:56
이데일리,외국인이 던진 '매도 폭탄'…8000피 눈앞서 미끄러진 코스피,05월 12일 13:56
이데일리,"김용범 실장, AI시대 '국민배당금' 논의 제안",05월 12일 13:56
이데일리,“세입자 낀 집 다 풀어준다”…토허제 실거주 유예 전면 확대,05월 12일 13:56
이데일리,"아시아나IDT 직원, 건물 옥상서 추락사…경찰 수사 중",05월 12일 13:56
대구MBC,"경북 청송군 주왕산 실종 추정 초등학생, 실종 사흘째 숨진 채 발견",05월 12일 13:26
대구MBC,"오늘 '8천' 가나?···코스피, 장중 7,999 찍고 장중 사상 최고가 갈아치워",05월 12일 13:26
대구MBC,"이란 겨냥했나?···미 해군, '극비' 핵미사일 탑재 핵잠수함 위치 공개",05월 12일 13:26
대구MBC,국민의힘 '탈당 러시'···바짝 긴장한 국민의힘,05월 12일 13:26
대전일보,"李 대통령 ""코리아 프리미엄 꼭 만들어야""",05월 12일 13:54
대전일보,취업에 전용학과까지…유학생 지역 정착 나선 천안·아산 대학가,05월 12일 13:54
대전일보,대전 초교 단체 발열·구토…교직원 3명 노로바이러스 검출,05월 12일 13:54
대전일보,안전공업 대화공장도 법 위반 70건…문평 참사 뒤 드러난 '위험 방치',05월 12일 13:54
한겨레,"주왕산 실종 초등생, 끝내 주검으로…정상 부근서 발견",05월 12일 14:00
한겨레,"‘AI 국민배당금’ 띄운 청 정책실장…“초과이윤 일부, 국민에 환원해야”",05월 12일 14:00
한겨레,"친한계 한지아, 한동훈에 “정형근 위촉, 급해도 선 지켜야” 쓴소리",05월 12일 14:00
한겨레,“민주주의 광장에 웬 ‘받들어 총’?”…오세훈표 ‘감사의정원’에 시민 ‘어리둥절’,05월 12일 14:00
미디어오늘,"조선일보 ""국회의장 후보들 김어준 유튜브 경쟁적으로 나가""",05월 12일 13:11
미디어오늘,백상예술대상 드라마 작품상 후보에 지상파3사 없었다,05월 12일 13:11
미디어오늘,"선 넘은 AI 광고, 페리카나 '불륜 광고' 비판 일자 삭제",05월 12일 13:11
미디어오늘,"중앙일보 ""김어준은 북적, 고성국은 한산… 극과 극"" [6·3 지방선거]",05월 12일 13:11
조선비즈,"세입자 있는 집 사면 입주 미뤄준다… 정부, 토허구역 실거주 의무 완화",05월 12일 13:47
조선비즈,“압수수색 책 잡히면 안돼” 망치로 PC 부순 전재수 보좌진…국힘 “전재수가 직접 책임져야”,05월 12일 13:47
조선비즈,[가봤어요] “미스터트롯 장민호 보러 부산서 고성까지 5시간”… 여기어때가 만든 ‘효도 콘서트 여행’,05월 12일 13:47
조선비즈,삼성전자 “두아 리파 이미지 무단 사용 아냐… 파트너사 통해 사용권 확인”,05월 12일 13:47
주간동아,"연기군 5평 사무실에서 시작한 콜마그룹, K-뷰티 열풍 타고 대기업 되다",05월 12일 13:50
주간동아,"SMR 상용화 앞둔 중국, 트럭에 싣는 초소형 원자로까지 개발",05월 12일 13:50
주간동아,"1분기 영업이익 2배 뛴 삼성증권, 목표주가 줄상향",05월 12일 13:50
주간동아,크리에이터 Z세대만의 특별한 감각,05월 12일 13:50
파이낸셜뉴스,지붕 뚫은 AI 반도체… 韓·대만 '산유국급' 초대형 흑자 시대,05월 12일 14:00
파이낸셜뉴스,"종합특검, '관저 이전 의혹' 조달청 압수수색...계약 자료 확보 나선다",05월 12일 14:00
파이낸셜뉴스,"""조금만 올라가겠다""던 초등생, 주왕산서 사흘 만에 숨진 채 발견[종합]",05월 12일 14:00
파이낸셜뉴스,"父 돌아가시자마자 새어머니 ""건물은 내 것, 구두 유언으로 다 받아놨다"" [이런 法]",05월 12일 14:00
한겨레21,프랑켄슈타인의 외침,05월 12일 08:14
한겨레21,토종씨앗은 왜 멸종 중인가,05월 12일 08:14
한겨레21,아이 넷 낳고도 행복한 가족의 반칙,05월 12일 08:14
한겨레21,성과급 파티장 밖의 사람들,05월 12일 08:14
한경비즈니스,"김용범 ""기업 초과이윤 환원하는 '국민배당금' 설계해야""",05월 12일 13:11
한경비즈니스,장금상선이 해냈다...원유 200만배럴 싣고 호르무즈 통과,05월 12일 13:11
한경비즈니스,"시장이 외면한 곳에 던진 20년의 승부수, 5가지 결정적 장면[CJ, 소외된 문화를 품다③]",05월 12일 13:11
한경비즈니스,"이재현의 고민, K콘텐츠 산업을 세우다[CJ, 소외된 문화를 품다①]",05월 12일 13:11
CJB청주방송,"한병도 ""국민의힘 망상에 가까운 괴담으로 한미 동맹 훼손""",05월 12일 10:54
CJB청주방송,"'납치 암시 쪽지' 소동... 경찰, 경범죄처벌법 적용 검토",05월 12일 10:54
CJB청주방송,충북교육감 후보 토론... 교육 현안 놓고 치열한 공방,05월 12일 10:54
CJB청주방송,코스피 7999까지 갔다…'8000'까지 단 1포인트,05월 12일 10:54
문화일보,[속보]코스피 5% 급락 전환…외인 2.5조 매물 폭탄,05월 12일 13:42
문화일보,[속보]주왕산 실종 초등생 숨진 채 발견…실족사 추정,05월 12일 13:42
문화일보,[속보]전재수48.1%·박형준38.2% “이재명이 좋아서”-리서치웰,05월 12일 13:42
문화일보,"임신한 아내 두고 참전해 중공군 최후 공세 막다 산화한 김순식 하사, 74년 만에 가족 품으로",05월 12일 13:42
조선일보,“조금만 올라갔다 올게” 주왕산 간 초등생은 하산하지 못했다,05월 12일 13:51
조선일보,트럼프 “이란 종전안 쓰레기”… 이란 “시간 끌수록 대가 커져”,05월 12일 13:51
조선일보,"최태원 동거인, 2000만원 받는다… 법원 “유튜버, 허위사실 유포”",05월 12일 13:51
조선일보,"정부, 北 선수단 응원 국내 민간단체에 3억원 지급한다면서 “단체 수는 공개 불가”",05월 12일 13:51
동행미디어 시대,"50대 그룹 시가총액, 5년 새 3배 껑충…공정자산 첫 추월",05월 12일 10:39
동행미디어 시대,[시대광장/이상언]노조 쇠락의 서막: 삼성 성과급 투쟁,05월 12일 10:39
동행미디어 시대,"김용범 정책실장 ""AI시대 기업 초과이윤 '국민배당금'으로 환원해야""",05월 12일 10:39
동행미디어 시대,[체크!ETF]AI 투자 본격화…현대차·저장장치·구글 '아이디어 경쟁',05월 12일 10:39
헬스조선,"‘20kg 감량’ 강소라, 아침으로 ‘이것’ 꼭 챙겨 먹는다… 뭐지?",05월 12일 11:23
헬스조선,"“신동 맞아?” 몰라보게 슬림해진 모습, 비결은?",05월 12일 11:23
헬스조선,"“염증 덩어리 쌓인다”… 약사 경고한 ‘의외의 음식’, 뭐지?",05월 12일 11:23
헬스조선,"음식만 바꾼다고 안 돼… 췌장 혹사하는 ‘이것’, 뭘까?",05월 12일 11:23
부산일보,"주진우 ""전재수 보좌진, 망치로 PC 내려쳐…증거인멸 직접 책임져야""",05월 12일 14:03
부산일보,"주왕산서 실종된 초등생, 주봉 100ｍ 아래서 숨진 채 발견… 헬기 이송 검토(종합)",05월 12일 14:03
부산일보,코스피 8000선 문턱서 좌절…외인 ‘팔자’에 7400선까지 후퇴,05월 12일 14:03
부산일보,4대 금융지주 ‘주주환원’에 균열… 자본비율 하락 경고,05월 12일 14:03
YTN,"선거 앞둔 정치권, '나무호' 피격 두고 공방 지속",05월 12일 13:53
YTN,삼성전자 노사 협상 마지막날...'성과급 담판' 주목,05월 12일 13:53
YTN,청송 주왕산 실종 초등생 사흘 만에 숨진 채 발견,05월 12일 13:53
YTN,이상민 '단전·단수' 항소심 오늘 선고...1심 징역 7년,05월 12일 13:53
주간조선,"""무사히 돌아오길 바랐는데""…주왕산 실종 초등생, 숨진 채 발견",05월 12일 12:10
주간조선,부산 북갑 초접전…하정우 37%·한동훈 30%·박민식 17%,05월 12일 12:10
주간조선,"""6시 이후 세탁기 돌리면 전기료 폭탄?""…SNS 괴담, 팩트체크 해보니",05월 12일 12:10
주간조선,"장동혁 ""또 속는 흑우 없제?""…고유가 지원금 비판 ""기가 막힌 타이밍""",05월 12일 12:10
SBS Biz,"무주택자, 서울 '세 낀 집' 매수길 열렸다",05월 12일 13:48
SBS Biz,"구윤철 ""코스피 여전히 저평가""…금투세 도입 신중",05월 12일 13:48
SBS Biz,"李대통령 ""돈놀이에도 정도가…원시적 약탈금융 서민 목줄""",05월 12일 13:48
SBS Biz,버스·화물차 유가연동보조금 L당 최대 280원 인상,05월 12일 13:48
월간산,비 오면 어때? 진달래밭 온통 내 것인데 [낭만야영],05월 12일 08:53
월간산,"불고기 하면 광양, 산성 하면 마로산성 [전라도의 숨은 명산 마로산]",05월 12일 08:53
월간산,"스위스 모험가, 자전거로 아프리카 종단 성공",05월 12일 08:53
월간산,"""제주원정대 등정 봉우리, 추아마 3봉 아니다"" [초점]",05월 12일 08:53
머니투데이,303대 1 뚫고 당첨됐는데…아파트값 치솟자 '다자녀 청약' 꼼수 와르르,05월 12일 13:49
머니투데이,"""얼른 갈아타요"" 보험 설계사 믿었는데…'1200%룰' 앞둔 경쟁에 뒤통수",05월 12일 13:49
머니투데이,"광주 여고생 살리려 몸 던졌는데…돌아온 건 ""도망갔다"" 악플",05월 12일 13:49
머니투데이,"""강북서 애 키우기 힘들어"" 뛸 곳 없다...경복고마저 ""운동장 일찍 닫아""",05월 12일 13:49
채널A,"주왕산 실종 초등생, 사흘만에 숨진 채 발견…“실족사 추정”",05월 12일 14:02
채널A,이 대통령 “돈 안돌아 문제인 사회…긴축재정 함정 안돼”,05월 12일 14:02
채널A,세입자 있는 1주택도 허용…토허제 실거주 유예 확대,05월 12일 14:02
채널A,삼성전자 최후의 협상…“최대 43조 손실 예상” 총파업 기로 [현장영상],05월 12일 14:02
오마이뉴스,"[단독] '2024년 1월' 충암파 해경 간부, 합수부 파견 확정...내란 준비 정황 확인",05월 12일 13:38
오마이뉴스,"여론조사 홍보물 조국 파란색, 김용남 빨간색?...""꼼수""",05월 12일 13:38
오마이뉴스,한 이불 덮고 산 지 30년 넘은 아내의 요즘 고민,05월 12일 13:38
오마이뉴스,"'오빠'·'따까리' 구설에 민주당 ""언행 조심하라"" 입단속",05월 12일 13:38
비즈워치,"외형 성장한 NHN, GPU 투자로 수익성은 주춤",05월 12일 13:37
비즈워치,DB하이텍 '금값 EB'…18만원짜리 주식을 5만원에,05월 12일 13:37
비즈워치,양도세 중과 부활→매물 감소→그 다음은?,05월 12일 13:37
비즈워치,은행 집단대출도 5조원 감소…대출 규제에 중도금도 '빗장',05월 12일 13:37
강원도민일보,'서학개미 국장 복귀 양도세 면제' 세부화…시행령 마련,05월 12일 14:03
강원도민일보,"""출근은 하반기에""…진에어, 신입 승무원 입사 돌연 연기",05월 12일 14:03
강원도민일보,"국힘 ""이 대통령 '나무호 피격' 대응 굴욕적""…정부·여당 총공세",05월 12일 14:03
강원도민일보,"'쿠팡 수사무마 의혹' 엄희준 검사, 상설특검팀 공수처 고소",05월 12일 14:03
강원일보,"스토킹 혐의 50대, 영장 기각 뒤 전 연인 찾아가 흉기 난동 뒤 자해 사망",05월 12일 13:02
강원일보,50대 여성과 초등학생 딸 숨진 채 발견⋯경찰 “母가 자녀 살해한 뒤 스스로 극단적 선택 했을 가능성”,05월 12일 13:02
강원일보,"트럼프 “이란이 내놓은 종전안, ‘쓰레기’, ‘멍청한 제안’”…해방 프로젝트 재개 검토",05월 12일 13:02
강원일보,"“잠에서 깼더니 신체 일부 만지며 발, 침대, 캐리어 등에 소변”⋯중국인 女 관광객 테러한 일본 남성 불구속 기소",05월 12일 13:02
경기일보,김은혜 “부동산 독재 저지하지 못하면 피해는 국민에게 돌아가”,05월 12일 13:59
경기일보,"스토킹 혐의 50대, 전 연인 찾아가 흉기 난동 후 사망",05월 12일 13:59
경기일보,"파주서 차 세운 뒤 하차한 70대, 차량에 깔려 숨져",05월 12일 13:59
경기일보,"주왕산 실종 11세 남아, 사흘만에 숨진 채 발견",05월 12일 13:59
기자협회보,"결과도, 신뢰도 망치는 공감 없는 스포츠 행정",05월 12일 09:24
기자협회보,"류희림 방심위의 MBC '법정제재', 방미심위서 행정지도로 경감",05월 12일 09:24
기자협회보,"""5·18정신 수록, 국민 저항권 자체를 헌법 전문에 싣는 것""",05월 12일 09:24
기자협회보,'전국조례대잔치'를 시작합니다,05월 12일 09:24
동아일보,"주왕산 실종 초등생, 숨진채 발견…낭떠러지서 떨어진듯",05월 12일 13:55
동아일보,“비행기가 옆으로 넘어진다” 강풍에 아찔…조종사 “고어라운드”,05월 12일 13:55
동아일보,“인기가 샤넬백 수준”…6000원짜리 가방의 정체 [트렌디깅],05월 12일 13:55
동아일보,하차 후 움직이는 차량 세우려다 깔려…70대 남성 참변,05월 12일 13:55
지디넷코리아,"""치사율 최대 50%""…크루즈선 집단 감염 일으킨 한타바이러스는?",05월 12일 13:50
지디넷코리아,베일 벗은 UFO 기록…트럼프가 노리는 진짜 과녁은 어디인가,05월 12일 13:50
지디넷코리아,"지갑 속에 들어가는 컴퓨터 등장…""신용카드처럼 두께 1㎜""",05월 12일 13:50
지디넷코리아,"KT, 1분기 영업익 4827억원...전년비 29.9%↓",05월 12일 13:50
전자신문,"“韓 유조선, 추적기 끄고 호르무즈 해협 통과”",05월 12일 13:49
전자신문,삼성전자 노사 사후조정 장기전 가나…중노위 “오늘 종료 안될 수도”,05월 12일 13:49
전자신문,“반도체·배터리 분석 수요 대응”…오창 다목적방사광가속기 구축 본궤도,05월 12일 13:49
전자신문,아날로그 반도체 가격 또 오른다…TI 7월 인상 예고,05월 12일 13:49
코메디닷컴,"“무슨 ‘냄새’길래?”…문채원, 황당 루머에 측정기까지 불었다",05월 12일 13:09
코메디닷컴,"55세 김혜수, 입 떡 벌어지는 각선미…‘이 운동’ 덕분?",05월 12일 13:09
코메디닷컴,"‘8kg 감량’ 박지윤, 굶지 않고 살빠진 비결?… ‘아침 공복 식단’ 보니",05월 12일 13:09
코메디닷컴,“장 건강 무너지고 무조건 살쪄”… 비만전문의가 경고한 ‘이 음식’,05월 12일 13:09
세계일보,"李대통령 “교복 담합, 2027년부터 세게 처벌해 다신 담합 생각도 못하게 만들어야”",05월 12일 13:55
세계일보,"청송 주왕산 실종 초등생, 사흘 만에 숨진 채 발견 [사건수첩]",05월 12일 13:55
세계일보,"‘장미의 계절 5월’, 곡성서 수만송이 장미가 만드는 축제의 향연 [여행+]",05월 12일 13:55
세계일보,“1만보 채웠는데 무릎이 ‘찌릿’”…50대 흔드는 ‘반쪽 운동’의 함정,05월 12일 13:55
시사IN,죽은 23명 그대로인데 형량 15년은 4년이 된 판결,05월 12일 07:10
시사IN,청년이 꿈꿀 수 있는 부산 만들기 위해 [6·3 지선 N번 후보들 ②],05월 12일 07:10
시사IN,도무지 후퇴를 모르는 청춘의 기세 [기자의 추천 책],05월 12일 07:10
시사IN,데보라 스미스가 번역한 〈시사IN〉의 그 기사 [취재 뒷담화],05월 12일 07:10
여성신문," ""한국 유조선, 위치추적기 끄고 호르무즈 해협 통과""",05월 12일 13:09
여성신문,강남역 여성살해 10년… “강남역은 어디에나 있었다”,05월 12일 13:09
여성신문,[트렌드 키워드] 코스피는 7900은 거품이다?… ‘버핏 지수’,05월 12일 13:09
여성신문,서울 구청장 대진표 사실상 완성… 거대 양당 여성 후보는 단 2명,05월 12일 13:09
더팩트,'세입자 낀 집' 거래 풀었다…토허구역 실거주 의무 완화,05월 12일 13:43
더팩트,'직매입 갑질' 의혹에 발목 잡힌 무신사…10조 IPO 빨간불,05월 12일 13:43
더팩트,7000피 질주에 황제주 속출…액면분할론 다시 고개,05월 12일 13:43
더팩트,"""조선 붐은 온다""…중동 수요 밀고 마스가 당기고",05월 12일 13:43
JTBC,"토지거래허가 실거주 유예, '세입자 있는 모든 주택'으로 확대",05월 12일 13:02
JTBC,"조국, 평택 '2개월 계약설'에 유의동 ""떨어지면 떠나려고?"" 혁신당 ""1년 단위로 이사 예정""",05월 12일 13:02
JTBC,"에쿠스 타고 월세 받는 기초생활수급자…5400만원 부정수급 걸리자 ""정부 책임""",05월 12일 13:02
JTBC,"""우리 애 왜 이것밖에 못 받아요?""…회사 들이닥친 신입사원 엄마",05월 12일 13:02
서울신문,아시아나항공 자회사 40대 근로자 숨져… 영종도 3층 건물 옥상서 추락,05월 12일 13:59
서울신문,“남편보다 젊고 몸 좋잖아” 띠동갑 아내 꼬신 헬스 트레이너 ‘충격 사연’,05월 12일 13:59
서울신문,"잘나가던 과자, 돌연 “이달 말부터 ‘싹 다’ 없앱니다”…‘파격’ 선언한 이유",05월 12일 13:59
서울신문,“근무시간 줄이면 비만 위험 낮아진다”…OECD 33개국 분석,05월 12일 13:59
연합뉴스TV,"주왕산 실종 초등생 숨진 채 발견…""실족 추정""",05월 12일 13:13
연합뉴스TV,"이 대통령 ""금융, 원래 잔인하지만 정도가 있어…공적 부담도 해야""",05월 12일 13:13
연합뉴스TV,10대 호기심에 큰일 날 뻔…아파트 승강기 손소독제에 불붙여,05월 12일 13:13
연합뉴스TV,"'1층이라 괜찮다?' 배우 김빈우, 새벽 댄스 파티 라이브에 결국 사과",05월 12일 13:13
연합뉴스,"[일문일답] 정부 ""실거주 유예 확대로 주택 매도 기회 형평성 제공""",05월 12일 13:54
연합뉴스,"김용범 ""AI시대 과실, '국민배당금'으로 국민에 환원돼야""",05월 12일 13:54
연합뉴스,버스정류장서 모르는 남성에 '본드 냄새 액체' 뿌린 60대 체포,05월 12일 13:54
연합뉴스,[제보#] 폰 끄고 삼겹살 굽고…'속세' 떠나 사우나 향하는 MZ,05월 12일 13:54
한국경제TV,삼성전자 노사 '줄다리기'…사후조정 오늘 넘길 수도,05월 12일 13:39
한국경제TV,"""정부 지원금과 별도""…1인 30만원 추가 지급",05월 12일 13:39
한국경제TV,"""메모리사이클 종료? 시기상조"" 삼전닉스 개미 '환호'…글로벌 투자자들 시선 달라졌다",05월 12일 13:39
한국경제TV,주검으로 돌아온 초등생 부모 오열…학교도 충격,05월 12일 13:39
아이뉴스24,"삼성전자 노사 협상 이틀째…노조 ""합의든 결렬이든 최선""",05월 12일 12:43
아이뉴스24,SK하이닉스 웨이퍼 1장 가격은 제네시스 한 대 값,05월 12일 12:43
아이뉴스24,"""한국, 주요국 성장률 1위 기록""⋯16년 만 '경제 반등 신화' 다시 쓰나",05월 12일 12:43
아이뉴스24,'호치' 세대교체 되나⋯삼양식품의 고민,05월 12일 12:43
MBN,"조현 ""한국 선박 타격 비행체 잔해 곧 국내 도착""",05월 12일 13:26
MBN,"주왕산 실종 초등생, 실족사 추정…사흘 만에 주검으로",05월 12일 13:26
MBN,"미국 ""제보하면 220억 포상금""…이란 혁명수비대 자금줄 조준",05월 12일 13:26
MBN,"'영장 기각' 풀려난 스토킹범, 흉기 들고 전 연인 찾아가 자해 사망",05월 12일 13:26
뉴시스,"국토부 ""토허제 실거주 유예, 전월세엔 큰 문제 없을 것""[일문일답]",05월 12일 13:52
뉴시스,"헤그세스, 안규백 만나 이란 군사작전 협력 당부…""어깨 나란히 하길""(종합)",05월 12일 13:52
뉴시스,"""43조 손실 파업 막을까""…삼성전자 노사, 오늘까지 '마지막 담판'",05월 12일 13:52
뉴시스,"외교부 ""우크라 외교장관 방한 협의 중""…北포로 송환 논의할 듯",05월 12일 13:52
한국경제,'하루 1만5000보' 걷는 직원들…'SK하닉 대박 신화'의 비밀,05월 12일 14:03
한국경제,"""그 가격엔 안 팔아요""…데드라인 넘긴 서울 집주인 '돌변' [돈앤톡]",05월 12일 14:03
한국경제,"두아 리파 220억원 소송에…삼성 ""사진 무단사용 아냐""",05월 12일 14:03
한국경제,"[단독] 신혜성, 논현동 꼬마빌딩 55.5억 매각…""손해 보고 팔았다""",05월 12일 14:03
경향신문,이 대통령 “죽을 때까지 콩나물 한개 팔아서도 갚아야 한다? 이게 국민 감정에 맞나?”,05월 12일 13:52
경향신문,"‘받들어 총’ 논란 속 오세훈표 ‘감사의 정원’ 공개 강행···정원오 “보수 강화, 선거용 꼼수”",05월 12일 13:52
경향신문,청송 주왕산 실종 초등생 시신 발견···당국 “신원 확인 중”,05월 12일 13:52
경향신문,"이번엔 달 착륙선 도킹이다…NASA, 아르테미스 3호에 엔진 장착 본격 준비",05월 12일 13:52
데일리안,[6·3 픽] 이대통령 지지율 67%인데 대구는 왜…'이재명 효과'의 역설,05월 12일 13:47
데일리안,"[6·3 픽] 한동훈, 하정우 TV토론 거듭 촉구…""정치인은 불편한 질문 답해야""",05월 12일 13:47
데일리안,[단독] 한국 제조업 파고든 블랙록…포스코서 국민연금 2%p 차 추격,05월 12일 13:47
데일리안,"초등생 여아 만져대던 60대男 ""내 마누라로 딱이네""",05월 12일 13:47
일다,‘고립 출산’한 베트남인 기능실습생이 사체유기죄?,05월 11일 11:18
일다,‘좋은 어른이 있었다’ 아이들에게 이렇게 기억되고 싶죠,05월 11일 11:18
일다,세계 가톨릭 청년들의 축제에 ‘퀴어’로 함께 할 것이다,05월 11일 11:18
일다,더 많은 지역의 하늘에 무지개가 뜰 수 있도록,05월 11일 11:18
중앙일보,"[단독] 서울대병원 148억 벌금폭탄…‘6년 연속 1위’ 불명예, 무슨 일",05월 12일 13:32
중앙일보,"주왕산 실종 초등생, 사흘만에 숨진 채 발견…“실족 후 사망 추정”",05월 12일 13:32
중앙일보,“우리 애 연봉 이거밖에 안되나”…회사 찾아온 신입사원 엄마,05월 12일 13:32
중앙일보,당뇨·암 다 이겨낸 96세 권노갑…“이것 타먹는다” 아침 4잔 비밀,05월 12일 13:32
JIBS,"“삼성·SK가 번 AI 돈, 국민도 나눠 갖나”… 청와대가 꺼낸 ‘배당국가’ 실험",05월 12일 13:42
JIBS,26만병 팔린 '제주 특산주'.. 알고보니 수입 과일·수돗물로  만들었다,05월 12일 13:42
JIBS,"추미애 ""조작기소면 명예회복 왜 잘못"".. 장동혁 ""보수의 어머니가  돌아왔다""",05월 12일 13:42
JIBS,제주 주택가 흉기 난동 40대 남성  구속,05월 12일 13:42
뉴스1,"김용범, AI시대 '국민배당금' 제안…""반도체 호황, 구조적 초과이윤 가능성""",05월 12일 13:48
뉴스1,향후 2년 무주택자가 '세입자 있는 주택' 매입시 실거주 유예,05월 12일 13:48
뉴스1,"""길도 없는 골짜기, 왜?""…주왕산 초등생 주봉 100m 아래서 구조견에 발견",05월 12일 13:48
뉴스1,"""시장님이 中 간첩이었다니""…美기소에 캘리포니아 도시 충격",05월 12일 13:48
매일경제,"“하닉으로 7억 번 부모님, 집 한 채 해주겠지?”…글 썼다 ‘기생충’ 뭇매",05월 12일 13:58
매일경제,“8천피 눈앞에 두고 와르르”…외국인 3조 ‘팔자’에 코스피 3%대 급락,05월 12일 13:58
매일경제,"이 대통령 쓴소리에…금융사, 상록수 보유 채권 줄줄이 매각",05월 12일 13:58
매일경제,"타자가 놓친 방망이, 누구 맞으면 무조건…日 ‘위험스윙’ 벌칙 즉각 시행",05월 12일 13:58
동아사이언스,국산 CAR-T 치료 시대 개막…걸림돌 대신 '디딤돌' 된 규제과학,05월 12일 13:48
동아사이언스,책 자주 읽고 미술관 가면 생물학적 노화 속도 늦춘다,05월 12일 13:48
동아사이언스,"텔레픽스 ""이란 원유 수출기지 하르그섬 해역 기름띠 가능성 확인""",05월 12일 13:48
동아사이언스,전쟁 여파 주사기 품귀 우려 없어…4600만개 재고 확보,05월 12일 13:48
블로터,"삼성發 성과급 갈등, SK하이닉스 '10% 룰'도 흔드나",05월 12일 13:43
블로터,[박종면칼럼] 한화 김승연 회장의 '록히드마틴 꿈',05월 12일 13:43
블로터,"장민영 기업은행장, 정책금융 새 판…을지로 대신 여의도로 간 이유는",05월 12일 13:43
블로터,최태원·노소영 이혼소송 조정기일 13일 진행…합의 가능성은?,05월 12일 13:43
한국일보,"이 대통령, 나무호 피격 보고에 ""수고했다""… 공개 발언은 없었다",05월 12일 14:02
한국일보,"조국 '2개월 월세' 의혹에 ""1년으로 계약 연장""... 유의동 ""계약서 공개하라""",05월 12일 14:02
한국일보,주왕산서 실종된 초등생 숨진 채 발견… 실족사 추정,05월 12일 14:02
한국일보,"제주 함덕 해변에 떠밀려온 김정은 사진 ""대공 혐의점 없어""",05월 12일 14:02
노컷뉴스,고립된 남극기지서 흉기 위협 사건…가해자와 3주 넘게 동거,05월 12일 13:53
노컷뉴스,"삼전노조 겨냥?…김용범 ""AI 초과이윤, 국민배당금으로 환원""",05월 12일 13:53
노컷뉴스,세종 남부서 유치장 입감된 60대 남성 숨져,05월 12일 13:53
노컷뉴스,"""왜 우리 애 멀미하게 해요?""…교육부 장관 앞 울분 터트린 교사[뉴스럽다]",05월 12일 13:53
MBC,주왕산 실종 초등생 숨진 채 발견‥수색 경찰견이 주봉 인근서 포착,05월 12일 13:45
MBC,"정원오 ""감사의 정원, 선거 전 졸속""‥오세훈 ""저급한 프레임""",05월 12일 13:45
MBC,"여당, 김건희 선상파티 무혐의에 ""경찰, 국민 바보로 아냐""",05월 12일 13:45
MBC,"한동훈 후원회장에 '고문 의혹' 정형근? 한지아 ""급할때도 원칙과 선 지켜야"" [모닝콜]",05월 12일 13:45
주간경향,박왕열 마약 공급책 ‘청담사장’은 50세 최병민···경찰 신상공개,05월 12일 11:36
주간경향,윤석열 구속취소 지귀연···‘룸살롱 접대 의혹’ 공수처 소환조사 받았다,05월 12일 11:36
주간경향,"‘선상 파티’ 김건희는 증거불충분 무혐의···다금바리 공수, 노래방 설치한 김성훈은 직권남용",05월 12일 11:36
주간경향,[단독] ‘장동혁 초청’한 연구소 인사에도 로비…결국 쿠팡 손바닥 안이었다,05월 12일 11:36
